<?xml version="1.0" encoding="utf-8" ?><GeodataXform xsi:type='typens:PolynomialXform' xmlns:xsi='http://www.w3.org/2001/XMLSchema-instance' xmlns:xs='http://www.w3.org/2001/XMLSchema' xmlns:typens='http://www.esri.com/schemas/ArcGIS/9.3'><PolynomialOrder>1</PolynomialOrder><SpatialReference xsi:type='typens:ProjectedCoordinateSystem'><WKT>PROJCS[&quot;NAD_1927_UTM_Zone_13N&quot;,GEOGCS[&quot;GCS_North_American_1927&quot;,DATUM[&quot;D_North_American_1927&quot;,SPHEROID[&quot;Clarke_1866&quot;,6378206.4,294.9786982]],PRIMEM[&quot;Greenwich&quot;,0.0],UNIT[&quot;Degree&quot;,0.0174532925199433]],PROJECTION[&quot;Transverse_Mercator&quot;],PARAMETER[&quot;False_Easting&quot;,500000.0],PARAMETER[&quot;False_Northing&quot;,0.0],PARAMETER[&quot;Central_Meridian&quot;,-105.0],PARAMETER[&quot;Scale_Factor&quot;,0.9996],PARAMETER[&quot;Latitude_Of_Origin&quot;,0.0],UNIT[&quot;Meter&quot;,1.0],AUTHORITY[&quot;EPSG&quot;,26713]]</WKT><HighPrecision>true</HighPrecision><WKID>26713</WKID></SpatialReference><SourceGCPs xsi:type='typens:ArrayOfDouble'><Double>1.3200000000000001</Double><Double>7.4066666666666698</Double><Double>7.2033333333333296</Double><Double>7.3966666666666701</Double><Double>13.0733333333333</Double><Double>7.4000000000000004</Double><Double>18.953333333333301</Double><Double>7.4066666666666698</Double><Double>1.3233333333333299</Double><Double>15</Double><Double>7.2066666666666697</Double><Double>14.9933333333333</Double><Double>13.0766666666667</Double><Double>14.9966666666667</Double><Double>18.953333333333301</Double><Double>15</Double><Double>1.32666666666667</Double><Double>22.586666666666702</Double><Double>7.2000000000000002</Double><Double>22.59</Double><Double>13.0766666666667</Double><Double>22.593333333333302</Double><Double>18.949999999999999</Double><Double>22.593333333333302</Double><Double>1.3333333333333299</Double><Double>30.1733333333333</Double><Double>7.2033333333333296</Double><Double>30.163333333333298</Double><Double>13.0733333333333</Double><Double>30.1733333333333</Double><Double>18.933333333333302</Double><Double>30.1733333333333</Double></SourceGCPs><TargetGCPs xsi:type='typens:ArrayOfDouble'><Double>403269.89903499198</Double><Double>4372659.5723654302</Double><Double>406852.57940629701</Double><Double>4372615.6500960402</Double><Double>410435.25026641798</Double><Double>4372573.3857732899</Double><Double>414017.91198065499</Double><Double>4372532.7793391896</Double><Double>403327.68649849802</Double><Double>4377283.8671444403</Double><Double>406908.22591959598</Double><Double>4377239.9324093796</Double><Double>410488.75590579299</Double><Double>4377197.6560906703</Double><Double>414069.27681945299</Double><Double>4377157.0381303998</Double><Double>403385.52529279201</Double><Double>4381908.1942628901</Double><Double>406963.92186307203</Double><Double>4381864.2471550303</Double><Double>410542.30907467502</Double><Double>4381821.9589297203</Double><Double>414120.68728702998</Double><Double>4381781.3295291197</Double><Double>403443.41538811498</Double><Double>4386532.5537302196</Double><Double>407019.66720807302</Double><Double>4386488.5943424497</Double><Double>410595.90974551497</Double><Double>4386446.2942998996</Double><Double>414172.14335694001</Double><Double>4386405.6535448497</Double></TargetGCPs></GeodataXform>